anno,variable,existe,n_total,n_validos,n_faltantes,pct_faltantes,n_ceros
1968,mineIleg_oro_nwPrp_SR21_pct,1,665,0,665,100.0000,0
1968,mineLegl_oro_pRegls_prod_gr,1,665,0,665,100.0000,0
1968,poteMine_oro_distnc_aluv_m,1,665,0,665,100.0000,0
1968,poteMine_oro_distnc_roca_m,1,665,0,665,100.0000,0
1968,precMine_oro_prmdio_oro_USoz,1,665,665,0,0.0000,0
1968,prodAgr_total_ACosch_totl_ha,1,665,0,665,100.0000,0
1968,prodAgr_total_ASembr_totl_ha,1,665,0,665,100.0000,0
1968,prodAgr_total_Produc_totl_ton,1,665,0,665,100.0000,0
1968,tituMine_oro_AreaSo_tGrn_m2Fx,1,665,665,0,0.0000,665
1968,tituMine_oro_AreaSo_tOtr_m2Fx,1,665,665,0,0.0000,665
1968,tituMine_oro_AreaTi_tGrn_m2Fx,1,665,665,0,0.0000,665
1968,tituMine_oro_AreaTi_tOtr_m2Fx,1,665,665,0,0.0000,665
1969,mineIleg_oro_nwPrp_SR21_pct,1,665,0,665,100.0000,0
1969,mineLegl_oro_pRegls_prod_gr,1,665,0,665,100.0000,0
1969,poteMine_oro_distnc_aluv_m,1,665,0,665,100.0000,0
1969,poteMine_oro_distnc_roca_m,1,665,0,665,100.0000,0
1969,precMine_oro_prmdio_oro_USoz,1,665,665,0,0.0000,0
1969,prodAgr_total_ACosch_totl_ha,1,665,0,665,100.0000,0
1969,prodAgr_total_ASembr_totl_ha,1,665,0,665,100.0000,0
1969,prodAgr_total_Produc_totl_ton,1,665,0,665,100.0000,0
1969,tituMine_oro_AreaSo_tGrn_m2Fx,1,665,665,0,0.0000,665
1969,tituMine_oro_AreaSo_tOtr_m2Fx,1,665,665,0,0.0000,665
1969,tituMine_oro_AreaTi_tGrn_m2Fx,1,665,665,0,0.0000,665
1969,tituMine_oro_AreaTi_tOtr_m2Fx,1,665,665,0,0.0000,665
1970,mineIleg_oro_nwPrp_SR21_pct,1,665,0,665,100.0000,0
1970,mineLegl_oro_pRegls_prod_gr,1,665,0,665,100.0000,0
1970,poteMine_oro_distnc_aluv_m,1,665,0,665,100.0000,0
1970,poteMine_oro_distnc_roca_m,1,665,0,665,100.0000,0
1970,precMine_oro_prmdio_oro_USoz,1,665,665,0,0.0000,0
1970,prodAgr_total_ACosch_totl_ha,1,665,0,665,100.0000,0
1970,prodAgr_total_ASembr_totl_ha,1,665,0,665,100.0000,0
1970,prodAgr_total_Produc_totl_ton,1,665,0,665,100.0000,0
1970,tituMine_oro_AreaSo_tGrn_m2Fx,1,665,665,0,0.0000,665
1970,tituMine_oro_AreaSo_tOtr_m2Fx,1,665,665,0,0.0000,665
1970,tituMine_oro_AreaTi_tGrn_m2Fx,1,665,665,0,0.0000,665
1970,tituMine_oro_AreaTi_tOtr_m2Fx,1,665,665,0,0.0000,665
1971,mineIleg_oro_nwPrp_SR21_pct,1,665,0,665,100.0000,0
1971,mineLegl_oro_pRegls_prod_gr,1,665,0,665,100.0000,0
1971,poteMine_oro_distnc_aluv_m,1,665,0,665,100.0000,0
1971,poteMine_oro_distnc_roca_m,1,665,0,665,100.0000,0
1971,precMine_oro_prmdio_oro_USoz,1,665,665,0,0.0000,0
1971,prodAgr_total_ACosch_totl_ha,1,665,0,665,100.0000,0
1971,prodAgr_total_ASembr_totl_ha,1,665,0,665,100.0000,0
1971,prodAgr_total_Produc_totl_ton,1,665,0,665,100.0000,0
1971,tituMine_oro_AreaSo_tGrn_m2Fx,1,665,665,0,0.0000,665
1971,tituMine_oro_AreaSo_tOtr_m2Fx,1,665,665,0,0.0000,665
1971,tituMine_oro_AreaTi_tGrn_m2Fx,1,665,665,0,0.0000,665
1971,tituMine_oro_AreaTi_tOtr_m2Fx,1,665,665,0,0.0000,665
1972,mineIleg_oro_nwPrp_SR21_pct,1,665,0,665,100.0000,0
1972,mineLegl_oro_pRegls_prod_gr,1,665,0,665,100.0000,0
1972,poteMine_oro_distnc_aluv_m,1,665,0,665,100.0000,0
1972,poteMine_oro_distnc_roca_m,1,665,0,665,100.0000,0
1972,precMine_oro_prmdio_oro_USoz,1,665,665,0,0.0000,0
1972,prodAgr_total_ACosch_totl_ha,1,665,0,665,100.0000,0
1972,prodAgr_total_ASembr_totl_ha,1,665,0,665,100.0000,0
1972,prodAgr_total_Produc_totl_ton,1,665,0,665,100.0000,0
1972,tituMine_oro_AreaSo_tGrn_m2Fx,1,665,665,0,0.0000,665
1972,tituMine_oro_AreaSo_tOtr_m2Fx,1,665,665,0,0.0000,665
1972,tituMine_oro_AreaTi_tGrn_m2Fx,1,665,665,0,0.0000,665
1972,tituMine_oro_AreaTi_tOtr_m2Fx,1,665,665,0,0.0000,665
1973,mineIleg_oro_nwPrp_SR21_pct,1,665,0,665,100.0000,0
1973,mineLegl_oro_pRegls_prod_gr,1,665,0,665,100.0000,0
1973,poteMine_oro_distnc_aluv_m,1,665,0,665,100.0000,0
1973,poteMine_oro_distnc_roca_m,1,665,0,665,100.0000,0
1973,precMine_oro_prmdio_oro_USoz,1,665,665,0,0.0000,0
1973,prodAgr_total_ACosch_totl_ha,1,665,0,665,100.0000,0
1973,prodAgr_total_ASembr_totl_ha,1,665,0,665,100.0000,0
1973,prodAgr_total_Produc_totl_ton,1,665,0,665,100.0000,0
1973,tituMine_oro_AreaSo_tGrn_m2Fx,1,665,665,0,0.0000,665
1973,tituMine_oro_AreaSo_tOtr_m2Fx,1,665,665,0,0.0000,665
1973,tituMine_oro_AreaTi_tGrn_m2Fx,1,665,665,0,0.0000,665
1973,tituMine_oro_AreaTi_tOtr_m2Fx,1,665,665,0,0.0000,665
1974,mineIleg_oro_nwPrp_SR21_pct,1,665,0,665,100.0000,0
1974,mineLegl_oro_pRegls_prod_gr,1,665,0,665,100.0000,0
1974,poteMine_oro_distnc_aluv_m,1,665,0,665,100.0000,0
1974,poteMine_oro_distnc_roca_m,1,665,0,665,100.0000,0
1974,precMine_oro_prmdio_oro_USoz,1,665,665,0,0.0000,0
1974,prodAgr_total_ACosch_totl_ha,1,665,0,665,100.0000,0
1974,prodAgr_total_ASembr_totl_ha,1,665,0,665,100.0000,0
1974,prodAgr_total_Produc_totl_ton,1,665,0,665,100.0000,0
1974,tituMine_oro_AreaSo_tGrn_m2Fx,1,665,665,0,0.0000,665
1974,tituMine_oro_AreaSo_tOtr_m2Fx,1,665,665,0,0.0000,665
1974,tituMine_oro_AreaTi_tGrn_m2Fx,1,665,665,0,0.0000,665
1974,tituMine_oro_AreaTi_tOtr_m2Fx,1,665,665,0,0.0000,665
1975,mineIleg_oro_nwPrp_SR21_pct,1,665,0,665,100.0000,0
1975,mineLegl_oro_pRegls_prod_gr,1,665,0,665,100.0000,0
1975,poteMine_oro_distnc_aluv_m,1,665,0,665,100.0000,0
1975,poteMine_oro_distnc_roca_m,1,665,0,665,100.0000,0
1975,precMine_oro_prmdio_oro_USoz,1,665,665,0,0.0000,0
1975,prodAgr_total_ACosch_totl_ha,1,665,0,665,100.0000,0
1975,prodAgr_total_ASembr_totl_ha,1,665,0,665,100.0000,0
1975,prodAgr_total_Produc_totl_ton,1,665,0,665,100.0000,0
1975,tituMine_oro_AreaSo_tGrn_m2Fx,1,665,665,0,0.0000,665
1975,tituMine_oro_AreaSo_tOtr_m2Fx,1,665,665,0,0.0000,665
1975,tituMine_oro_AreaTi_tGrn_m2Fx,1,665,665,0,0.0000,665
1975,tituMine_oro_AreaTi_tOtr_m2Fx,1,665,665,0,0.0000,665
1976,mineIleg_oro_nwPrp_SR21_pct,1,665,0,665,100.0000,0
1976,mineLegl_oro_pRegls_prod_gr,1,665,0,665,100.0000,0
1976,poteMine_oro_distnc_aluv_m,1,665,0,665,100.0000,0
1976,poteMine_oro_distnc_roca_m,1,665,0,665,100.0000,0
1976,precMine_oro_prmdio_oro_USoz,1,665,665,0,0.0000,0
1976,prodAgr_total_ACosch_totl_ha,1,665,0,665,100.0000,0
1976,prodAgr_total_ASembr_totl_ha,1,665,0,665,100.0000,0
1976,prodAgr_total_Produc_totl_ton,1,665,0,665,100.0000,0
1976,tituMine_oro_AreaSo_tGrn_m2Fx,1,665,665,0,0.0000,665
1976,tituMine_oro_AreaSo_tOtr_m2Fx,1,665,665,0,0.0000,665
1976,tituMine_oro_AreaTi_tGrn_m2Fx,1,665,665,0,0.0000,665
1976,tituMine_oro_AreaTi_tOtr_m2Fx,1,665,665,0,0.0000,665
1977,mineIleg_oro_nwPrp_SR21_pct,1,665,0,665,100.0000,0
1977,mineLegl_oro_pRegls_prod_gr,1,665,0,665,100.0000,0
1977,poteMine_oro_distnc_aluv_m,1,665,0,665,100.0000,0
1977,poteMine_oro_distnc_roca_m,1,665,0,665,100.0000,0
1977,precMine_oro_prmdio_oro_USoz,1,665,665,0,0.0000,0
1977,prodAgr_total_ACosch_totl_ha,1,665,0,665,100.0000,0
1977,prodAgr_total_ASembr_totl_ha,1,665,0,665,100.0000,0
1977,prodAgr_total_Produc_totl_ton,1,665,0,665,100.0000,0
1977,tituMine_oro_AreaSo_tGrn_m2Fx,1,665,665,0,0.0000,665
1977,tituMine_oro_AreaSo_tOtr_m2Fx,1,665,665,0,0.0000,665
1977,tituMine_oro_AreaTi_tGrn_m2Fx,1,665,665,0,0.0000,665
1977,tituMine_oro_AreaTi_tOtr_m2Fx,1,665,665,0,0.0000,665
1978,mineIleg_oro_nwPrp_SR21_pct,1,665,0,665,100.0000,0
1978,mineLegl_oro_pRegls_prod_gr,1,665,0,665,100.0000,0
1978,poteMine_oro_distnc_aluv_m,1,665,0,665,100.0000,0
1978,poteMine_oro_distnc_roca_m,1,665,0,665,100.0000,0
1978,precMine_oro_prmdio_oro_USoz,1,665,665,0,0.0000,0
1978,prodAgr_total_ACosch_totl_ha,1,665,0,665,100.0000,0
1978,prodAgr_total_ASembr_totl_ha,1,665,0,665,100.0000,0
1978,prodAgr_total_Produc_totl_ton,1,665,0,665,100.0000,0
1978,tituMine_oro_AreaSo_tGrn_m2Fx,1,665,665,0,0.0000,665
1978,tituMine_oro_AreaSo_tOtr_m2Fx,1,665,665,0,0.0000,665
1978,tituMine_oro_AreaTi_tGrn_m2Fx,1,665,665,0,0.0000,665
1978,tituMine_oro_AreaTi_tOtr_m2Fx,1,665,665,0,0.0000,665
1979,mineIleg_oro_nwPrp_SR21_pct,1,665,0,665,100.0000,0
1979,mineLegl_oro_pRegls_prod_gr,1,665,0,665,100.0000,0
1979,poteMine_oro_distnc_aluv_m,1,665,0,665,100.0000,0
1979,poteMine_oro_distnc_roca_m,1,665,0,665,100.0000,0
1979,precMine_oro_prmdio_oro_USoz,1,665,665,0,0.0000,0
1979,prodAgr_total_ACosch_totl_ha,1,665,0,665,100.0000,0
1979,prodAgr_total_ASembr_totl_ha,1,665,0,665,100.0000,0
1979,prodAgr_total_Produc_totl_ton,1,665,0,665,100.0000,0
1979,tituMine_oro_AreaSo_tGrn_m2Fx,1,665,665,0,0.0000,665
1979,tituMine_oro_AreaSo_tOtr_m2Fx,1,665,665,0,0.0000,665
1979,tituMine_oro_AreaTi_tGrn_m2Fx,1,665,665,0,0.0000,665
1979,tituMine_oro_AreaTi_tOtr_m2Fx,1,665,665,0,0.0000,665
1980,mineIleg_oro_nwPrp_SR21_pct,1,665,0,665,100.0000,0
1980,mineLegl_oro_pRegls_prod_gr,1,665,0,665,100.0000,0
1980,poteMine_oro_distnc_aluv_m,1,665,0,665,100.0000,0
1980,poteMine_oro_distnc_roca_m,1,665,0,665,100.0000,0
1980,precMine_oro_prmdio_oro_USoz,1,665,665,0,0.0000,0
1980,prodAgr_total_ACosch_totl_ha,1,665,0,665,100.0000,0
1980,prodAgr_total_ASembr_totl_ha,1,665,0,665,100.0000,0
1980,prodAgr_total_Produc_totl_ton,1,665,0,665,100.0000,0
1980,tituMine_oro_AreaSo_tGrn_m2Fx,1,665,665,0,0.0000,665
1980,tituMine_oro_AreaSo_tOtr_m2Fx,1,665,665,0,0.0000,665
1980,tituMine_oro_AreaTi_tGrn_m2Fx,1,665,665,0,0.0000,665
1980,tituMine_oro_AreaTi_tOtr_m2Fx,1,665,665,0,0.0000,665
1981,mineIleg_oro_nwPrp_SR21_pct,1,665,0,665,100.0000,0
1981,mineLegl_oro_pRegls_prod_gr,1,665,0,665,100.0000,0
1981,poteMine_oro_distnc_aluv_m,1,665,0,665,100.0000,0
1981,poteMine_oro_distnc_roca_m,1,665,0,665,100.0000,0
1981,precMine_oro_prmdio_oro_USoz,1,665,665,0,0.0000,0
1981,prodAgr_total_ACosch_totl_ha,1,665,0,665,100.0000,0
1981,prodAgr_total_ASembr_totl_ha,1,665,0,665,100.0000,0
1981,prodAgr_total_Produc_totl_ton,1,665,0,665,100.0000,0
1981,tituMine_oro_AreaSo_tGrn_m2Fx,1,665,665,0,0.0000,665
1981,tituMine_oro_AreaSo_tOtr_m2Fx,1,665,665,0,0.0000,665
1981,tituMine_oro_AreaTi_tGrn_m2Fx,1,665,665,0,0.0000,665
1981,tituMine_oro_AreaTi_tOtr_m2Fx,1,665,665,0,0.0000,665
1982,mineIleg_oro_nwPrp_SR21_pct,1,665,0,665,100.0000,0
1982,mineLegl_oro_pRegls_prod_gr,1,665,0,665,100.0000,0
1982,poteMine_oro_distnc_aluv_m,1,665,0,665,100.0000,0
1982,poteMine_oro_distnc_roca_m,1,665,0,665,100.0000,0
1982,precMine_oro_prmdio_oro_USoz,1,665,665,0,0.0000,0
1982,prodAgr_total_ACosch_totl_ha,1,665,0,665,100.0000,0
1982,prodAgr_total_ASembr_totl_ha,1,665,0,665,100.0000,0
1982,prodAgr_total_Produc_totl_ton,1,665,0,665,100.0000,0
1982,tituMine_oro_AreaSo_tGrn_m2Fx,1,665,665,0,0.0000,665
1982,tituMine_oro_AreaSo_tOtr_m2Fx,1,665,665,0,0.0000,665
1982,tituMine_oro_AreaTi_tGrn_m2Fx,1,665,665,0,0.0000,665
1982,tituMine_oro_AreaTi_tOtr_m2Fx,1,665,665,0,0.0000,665
1983,mineIleg_oro_nwPrp_SR21_pct,1,665,0,665,100.0000,0
1983,mineLegl_oro_pRegls_prod_gr,1,665,0,665,100.0000,0
1983,poteMine_oro_distnc_aluv_m,1,665,0,665,100.0000,0
1983,poteMine_oro_distnc_roca_m,1,665,0,665,100.0000,0
1983,precMine_oro_prmdio_oro_USoz,1,665,665,0,0.0000,0
1983,prodAgr_total_ACosch_totl_ha,1,665,0,665,100.0000,0
1983,prodAgr_total_ASembr_totl_ha,1,665,0,665,100.0000,0
1983,prodAgr_total_Produc_totl_ton,1,665,0,665,100.0000,0
1983,tituMine_oro_AreaSo_tGrn_m2Fx,1,665,665,0,0.0000,665
1983,tituMine_oro_AreaSo_tOtr_m2Fx,1,665,665,0,0.0000,665
1983,tituMine_oro_AreaTi_tGrn_m2Fx,1,665,665,0,0.0000,665
1983,tituMine_oro_AreaTi_tOtr_m2Fx,1,665,665,0,0.0000,665
1984,mineIleg_oro_nwPrp_SR21_pct,1,665,0,665,100.0000,0
1984,mineLegl_oro_pRegls_prod_gr,1,665,0,665,100.0000,0
1984,poteMine_oro_distnc_aluv_m,1,665,0,665,100.0000,0
1984,poteMine_oro_distnc_roca_m,1,665,0,665,100.0000,0
1984,precMine_oro_prmdio_oro_USoz,1,665,665,0,0.0000,0
1984,prodAgr_total_ACosch_totl_ha,1,665,0,665,100.0000,0
1984,prodAgr_total_ASembr_totl_ha,1,665,0,665,100.0000,0
1984,prodAgr_total_Produc_totl_ton,1,665,0,665,100.0000,0
1984,tituMine_oro_AreaSo_tGrn_m2Fx,1,665,665,0,0.0000,665
1984,tituMine_oro_AreaSo_tOtr_m2Fx,1,665,665,0,0.0000,665
1984,tituMine_oro_AreaTi_tGrn_m2Fx,1,665,665,0,0.0000,665
1984,tituMine_oro_AreaTi_tOtr_m2Fx,1,665,665,0,0.0000,665
1985,mineIleg_oro_nwPrp_SR21_pct,1,665,0,665,100.0000,0
1985,mineLegl_oro_pRegls_prod_gr,1,665,0,665,100.0000,0
1985,poteMine_oro_distnc_aluv_m,1,665,0,665,100.0000,0
1985,poteMine_oro_distnc_roca_m,1,665,0,665,100.0000,0
1985,precMine_oro_prmdio_oro_USoz,1,665,665,0,0.0000,0
1985,prodAgr_total_ACosch_totl_ha,1,665,0,665,100.0000,0
1985,prodAgr_total_ASembr_totl_ha,1,665,0,665,100.0000,0
1985,prodAgr_total_Produc_totl_ton,1,665,0,665,100.0000,0
1985,tituMine_oro_AreaSo_tGrn_m2Fx,1,665,665,0,0.0000,665
1985,tituMine_oro_AreaSo_tOtr_m2Fx,1,665,665,0,0.0000,665
1985,tituMine_oro_AreaTi_tGrn_m2Fx,1,665,665,0,0.0000,665
1985,tituMine_oro_AreaTi_tOtr_m2Fx,1,665,665,0,0.0000,665
1986,mineIleg_oro_nwPrp_SR21_pct,1,665,0,665,100.0000,0
1986,mineLegl_oro_pRegls_prod_gr,1,665,0,665,100.0000,0
1986,poteMine_oro_distnc_aluv_m,1,665,0,665,100.0000,0
1986,poteMine_oro_distnc_roca_m,1,665,0,665,100.0000,0
1986,precMine_oro_prmdio_oro_USoz,1,665,665,0,0.0000,0
1986,prodAgr_total_ACosch_totl_ha,1,665,0,665,100.0000,0
1986,prodAgr_total_ASembr_totl_ha,1,665,0,665,100.0000,0
1986,prodAgr_total_Produc_totl_ton,1,665,0,665,100.0000,0
1986,tituMine_oro_AreaSo_tGrn_m2Fx,1,665,665,0,0.0000,665
1986,tituMine_oro_AreaSo_tOtr_m2Fx,1,665,665,0,0.0000,665
1986,tituMine_oro_AreaTi_tGrn_m2Fx,1,665,665,0,0.0000,665
1986,tituMine_oro_AreaTi_tOtr_m2Fx,1,665,665,0,0.0000,665
1987,mineIleg_oro_nwPrp_SR21_pct,1,665,0,665,100.0000,0
1987,mineLegl_oro_pRegls_prod_gr,1,665,0,665,100.0000,0
1987,poteMine_oro_distnc_aluv_m,1,665,0,665,100.0000,0
1987,poteMine_oro_distnc_roca_m,1,665,0,665,100.0000,0
1987,precMine_oro_prmdio_oro_USoz,1,665,665,0,0.0000,0
1987,prodAgr_total_ACosch_totl_ha,1,665,0,665,100.0000,0
1987,prodAgr_total_ASembr_totl_ha,1,665,0,665,100.0000,0
1987,prodAgr_total_Produc_totl_ton,1,665,0,665,100.0000,0
1987,tituMine_oro_AreaSo_tGrn_m2Fx,1,665,665,0,0.0000,665
1987,tituMine_oro_AreaSo_tOtr_m2Fx,1,665,665,0,0.0000,665
1987,tituMine_oro_AreaTi_tGrn_m2Fx,1,665,665,0,0.0000,665
1987,tituMine_oro_AreaTi_tOtr_m2Fx,1,665,665,0,0.0000,665
1988,mineIleg_oro_nwPrp_SR21_pct,1,665,0,665,100.0000,0
1988,mineLegl_oro_pRegls_prod_gr,1,665,0,665,100.0000,0
1988,poteMine_oro_distnc_aluv_m,1,665,0,665,100.0000,0
1988,poteMine_oro_distnc_roca_m,1,665,0,665,100.0000,0
1988,precMine_oro_prmdio_oro_USoz,1,665,665,0,0.0000,0
1988,prodAgr_total_ACosch_totl_ha,1,665,0,665,100.0000,0
1988,prodAgr_total_ASembr_totl_ha,1,665,0,665,100.0000,0
1988,prodAgr_total_Produc_totl_ton,1,665,0,665,100.0000,0
1988,tituMine_oro_AreaSo_tGrn_m2Fx,1,665,665,0,0.0000,665
1988,tituMine_oro_AreaSo_tOtr_m2Fx,1,665,665,0,0.0000,665
1988,tituMine_oro_AreaTi_tGrn_m2Fx,1,665,665,0,0.0000,665
1988,tituMine_oro_AreaTi_tOtr_m2Fx,1,665,665,0,0.0000,665
1989,mineIleg_oro_nwPrp_SR21_pct,1,665,0,665,100.0000,0
1989,mineLegl_oro_pRegls_prod_gr,1,665,0,665,100.0000,0
1989,poteMine_oro_distnc_aluv_m,1,665,0,665,100.0000,0
1989,poteMine_oro_distnc_roca_m,1,665,0,665,100.0000,0
1989,precMine_oro_prmdio_oro_USoz,1,665,665,0,0.0000,0
1989,prodAgr_total_ACosch_totl_ha,1,665,0,665,100.0000,0
1989,prodAgr_total_ASembr_totl_ha,1,665,0,665,100.0000,0
1989,prodAgr_total_Produc_totl_ton,1,665,0,665,100.0000,0
1989,tituMine_oro_AreaSo_tGrn_m2Fx,1,665,665,0,0.0000,665
1989,tituMine_oro_AreaSo_tOtr_m2Fx,1,665,665,0,0.0000,660
1989,tituMine_oro_AreaTi_tGrn_m2Fx,1,665,665,0,0.0000,665
1989,tituMine_oro_AreaTi_tOtr_m2Fx,1,665,665,0,0.0000,665
1990,mineIleg_oro_nwPrp_SR21_pct,1,665,0,665,100.0000,0
1990,mineLegl_oro_pRegls_prod_gr,1,665,0,665,100.0000,0
1990,poteMine_oro_distnc_aluv_m,1,665,0,665,100.0000,0
1990,poteMine_oro_distnc_roca_m,1,665,0,665,100.0000,0
1990,precMine_oro_prmdio_oro_USoz,1,665,665,0,0.0000,0
1990,prodAgr_total_ACosch_totl_ha,1,665,0,665,100.0000,0
1990,prodAgr_total_ASembr_totl_ha,1,665,0,665,100.0000,0
1990,prodAgr_total_Produc_totl_ton,1,665,0,665,100.0000,0
1990,tituMine_oro_AreaSo_tGrn_m2Fx,1,665,665,0,0.0000,664
1990,tituMine_oro_AreaSo_tOtr_m2Fx,1,665,665,0,0.0000,644
1990,tituMine_oro_AreaTi_tGrn_m2Fx,1,665,665,0,0.0000,664
1990,tituMine_oro_AreaTi_tOtr_m2Fx,1,665,665,0,0.0000,645
1991,mineIleg_oro_nwPrp_SR21_pct,1,665,0,665,100.0000,0
1991,mineLegl_oro_pRegls_prod_gr,1,665,0,665,100.0000,0
1991,poteMine_oro_distnc_aluv_m,1,665,0,665,100.0000,0
1991,poteMine_oro_distnc_roca_m,1,665,0,665,100.0000,0
1991,precMine_oro_prmdio_oro_USoz,1,665,665,0,0.0000,0
1991,prodAgr_total_ACosch_totl_ha,1,665,0,665,100.0000,0
1991,prodAgr_total_ASembr_totl_ha,1,665,0,665,100.0000,0
1991,prodAgr_total_Produc_totl_ton,1,665,0,665,100.0000,0
1991,tituMine_oro_AreaSo_tGrn_m2Fx,1,665,665,0,0.0000,663
1991,tituMine_oro_AreaSo_tOtr_m2Fx,1,665,665,0,0.0000,661
1991,tituMine_oro_AreaTi_tGrn_m2Fx,1,665,665,0,0.0000,663
1991,tituMine_oro_AreaTi_tOtr_m2Fx,1,665,665,0,0.0000,657
1992,mineIleg_oro_nwPrp_SR21_pct,1,665,0,665,100.0000,0
1992,mineLegl_oro_pRegls_prod_gr,1,665,0,665,100.0000,0
1992,poteMine_oro_distnc_aluv_m,1,665,0,665,100.0000,0
1992,poteMine_oro_distnc_roca_m,1,665,0,665,100.0000,0
1992,precMine_oro_prmdio_oro_USoz,1,665,665,0,0.0000,0
1992,prodAgr_total_ACosch_totl_ha,1,665,0,665,100.0000,0
1992,prodAgr_total_ASembr_totl_ha,1,665,0,665,100.0000,0
1992,prodAgr_total_Produc_totl_ton,1,665,0,665,100.0000,0
1992,tituMine_oro_AreaSo_tGrn_m2Fx,1,665,665,0,0.0000,665
1992,tituMine_oro_AreaSo_tOtr_m2Fx,1,665,665,0,0.0000,655
1992,tituMine_oro_AreaTi_tGrn_m2Fx,1,665,665,0,0.0000,665
1992,tituMine_oro_AreaTi_tOtr_m2Fx,1,665,665,0,0.0000,655
1993,mineIleg_oro_nwPrp_SR21_pct,1,665,0,665,100.0000,0
1993,mineLegl_oro_pRegls_prod_gr,1,665,0,665,100.0000,0
1993,poteMine_oro_distnc_aluv_m,1,665,0,665,100.0000,0
1993,poteMine_oro_distnc_roca_m,1,665,0,665,100.0000,0
1993,precMine_oro_prmdio_oro_USoz,1,665,665,0,0.0000,0
1993,prodAgr_total_ACosch_totl_ha,1,665,0,665,100.0000,0
1993,prodAgr_total_ASembr_totl_ha,1,665,0,665,100.0000,0
1993,prodAgr_total_Produc_totl_ton,1,665,0,665,100.0000,0
1993,tituMine_oro_AreaSo_tGrn_m2Fx,1,665,665,0,0.0000,665
1993,tituMine_oro_AreaSo_tOtr_m2Fx,1,665,665,0,0.0000,663
1993,tituMine_oro_AreaTi_tGrn_m2Fx,1,665,665,0,0.0000,665
1993,tituMine_oro_AreaTi_tOtr_m2Fx,1,665,665,0,0.0000,663
1994,mineIleg_oro_nwPrp_SR21_pct,1,665,0,665,100.0000,0
1994,mineLegl_oro_pRegls_prod_gr,1,665,0,665,100.0000,0
1994,poteMine_oro_distnc_aluv_m,1,665,0,665,100.0000,0
1994,poteMine_oro_distnc_roca_m,1,665,0,665,100.0000,0
1994,precMine_oro_prmdio_oro_USoz,1,665,665,0,0.0000,0
1994,prodAgr_total_ACosch_totl_ha,1,665,0,665,100.0000,0
1994,prodAgr_total_ASembr_totl_ha,1,665,0,665,100.0000,0
1994,prodAgr_total_Produc_totl_ton,1,665,0,665,100.0000,0
1994,tituMine_oro_AreaSo_tGrn_m2Fx,1,665,665,0,0.0000,665
1994,tituMine_oro_AreaSo_tOtr_m2Fx,1,665,665,0,0.0000,659
1994,tituMine_oro_AreaTi_tGrn_m2Fx,1,665,665,0,0.0000,665
1994,tituMine_oro_AreaTi_tOtr_m2Fx,1,665,665,0,0.0000,661
1995,mineIleg_oro_nwPrp_SR21_pct,1,665,0,665,100.0000,0
1995,mineLegl_oro_pRegls_prod_gr,1,665,0,665,100.0000,0
1995,poteMine_oro_distnc_aluv_m,1,665,0,665,100.0000,0
1995,poteMine_oro_distnc_roca_m,1,665,0,665,100.0000,0
1995,precMine_oro_prmdio_oro_USoz,1,665,665,0,0.0000,0
1995,prodAgr_total_ACosch_totl_ha,1,665,0,665,100.0000,0
1995,prodAgr_total_ASembr_totl_ha,1,665,0,665,100.0000,0
1995,prodAgr_total_Produc_totl_ton,1,665,0,665,100.0000,0
1995,tituMine_oro_AreaSo_tGrn_m2Fx,1,665,665,0,0.0000,665
1995,tituMine_oro_AreaSo_tOtr_m2Fx,1,665,665,0,0.0000,660
1995,tituMine_oro_AreaTi_tGrn_m2Fx,1,665,665,0,0.0000,665
1995,tituMine_oro_AreaTi_tOtr_m2Fx,1,665,665,0,0.0000,661
1996,mineIleg_oro_nwPrp_SR21_pct,1,665,0,665,100.0000,0
1996,mineLegl_oro_pRegls_prod_gr,1,665,0,665,100.0000,0
1996,poteMine_oro_distnc_aluv_m,1,665,0,665,100.0000,0
1996,poteMine_oro_distnc_roca_m,1,665,0,665,100.0000,0
1996,precMine_oro_prmdio_oro_USoz,1,665,665,0,0.0000,0
1996,prodAgr_total_ACosch_totl_ha,1,665,0,665,100.0000,0
1996,prodAgr_total_ASembr_totl_ha,1,665,0,665,100.0000,0
1996,prodAgr_total_Produc_totl_ton,1,665,0,665,100.0000,0
1996,tituMine_oro_AreaSo_tGrn_m2Fx,1,665,665,0,0.0000,665
1996,tituMine_oro_AreaSo_tOtr_m2Fx,1,665,665,0,0.0000,662
1996,tituMine_oro_AreaTi_tGrn_m2Fx,1,665,665,0,0.0000,665
1996,tituMine_oro_AreaTi_tOtr_m2Fx,1,665,665,0,0.0000,662
1997,mineIleg_oro_nwPrp_SR21_pct,1,665,0,665,100.0000,0
1997,mineLegl_oro_pRegls_prod_gr,1,665,0,665,100.0000,0
1997,poteMine_oro_distnc_aluv_m,1,665,0,665,100.0000,0
1997,poteMine_oro_distnc_roca_m,1,665,0,665,100.0000,0
1997,precMine_oro_prmdio_oro_USoz,1,665,665,0,0.0000,0
1997,prodAgr_total_ACosch_totl_ha,1,665,0,665,100.0000,0
1997,prodAgr_total_ASembr_totl_ha,1,665,0,665,100.0000,0
1997,prodAgr_total_Produc_totl_ton,1,665,0,665,100.0000,0
1997,tituMine_oro_AreaSo_tGrn_m2Fx,1,665,665,0,0.0000,665
1997,tituMine_oro_AreaSo_tOtr_m2Fx,1,665,665,0,0.0000,661
1997,tituMine_oro_AreaTi_tGrn_m2Fx,1,665,665,0,0.0000,665
1997,tituMine_oro_AreaTi_tOtr_m2Fx,1,665,665,0,0.0000,661
1998,mineIleg_oro_nwPrp_SR21_pct,1,665,0,665,100.0000,0
1998,mineLegl_oro_pRegls_prod_gr,1,665,0,665,100.0000,0
1998,poteMine_oro_distnc_aluv_m,1,665,0,665,100.0000,0
1998,poteMine_oro_distnc_roca_m,1,665,0,665,100.0000,0
1998,precMine_oro_prmdio_oro_USoz,1,665,665,0,0.0000,0
1998,prodAgr_total_ACosch_totl_ha,1,665,0,665,100.0000,0
1998,prodAgr_total_ASembr_totl_ha,1,665,0,665,100.0000,0
1998,prodAgr_total_Produc_totl_ton,1,665,0,665,100.0000,0
1998,tituMine_oro_AreaSo_tGrn_m2Fx,1,665,665,0,0.0000,665
1998,tituMine_oro_AreaSo_tOtr_m2Fx,1,665,665,0,0.0000,652
1998,tituMine_oro_AreaTi_tGrn_m2Fx,1,665,665,0,0.0000,665
1998,tituMine_oro_AreaTi_tOtr_m2Fx,1,665,665,0,0.0000,654
1999,mineIleg_oro_nwPrp_SR21_pct,1,665,0,665,100.0000,0
1999,mineLegl_oro_pRegls_prod_gr,1,665,0,665,100.0000,0
1999,poteMine_oro_distnc_aluv_m,1,665,0,665,100.0000,0
1999,poteMine_oro_distnc_roca_m,1,665,0,665,100.0000,0
1999,precMine_oro_prmdio_oro_USoz,1,665,665,0,0.0000,0
1999,prodAgr_total_ACosch_totl_ha,1,665,0,665,100.0000,0
1999,prodAgr_total_ASembr_totl_ha,1,665,0,665,100.0000,0
1999,prodAgr_total_Produc_totl_ton,1,665,0,665,100.0000,0
1999,tituMine_oro_AreaSo_tGrn_m2Fx,1,665,665,0,0.0000,665
1999,tituMine_oro_AreaSo_tOtr_m2Fx,1,665,665,0,0.0000,665
1999,tituMine_oro_AreaTi_tGrn_m2Fx,1,665,665,0,0.0000,665
1999,tituMine_oro_AreaTi_tOtr_m2Fx,1,665,665,0,0.0000,665
2000,mineIleg_oro_nwPrp_SR21_pct,1,665,0,665,100.0000,0
2000,mineLegl_oro_pRegls_prod_gr,1,665,0,665,100.0000,0
2000,poteMine_oro_distnc_aluv_m,1,665,0,665,100.0000,0
2000,poteMine_oro_distnc_roca_m,1,665,0,665,100.0000,0
2000,precMine_oro_prmdio_oro_USoz,1,665,665,0,0.0000,0
2000,prodAgr_total_ACosch_totl_ha,1,665,0,665,100.0000,0
2000,prodAgr_total_ASembr_totl_ha,1,665,0,665,100.0000,0
2000,prodAgr_total_Produc_totl_ton,1,665,0,665,100.0000,0
2000,tituMine_oro_AreaSo_tGrn_m2Fx,1,665,665,0,0.0000,665
2000,tituMine_oro_AreaSo_tOtr_m2Fx,1,665,665,0,0.0000,662
2000,tituMine_oro_AreaTi_tGrn_m2Fx,1,665,665,0,0.0000,665
2000,tituMine_oro_AreaTi_tOtr_m2Fx,1,665,665,0,0.0000,664
2001,mineIleg_oro_nwPrp_SR21_pct,1,665,0,665,100.0000,0
2001,mineLegl_oro_pRegls_prod_gr,1,665,0,665,100.0000,0
2001,poteMine_oro_distnc_aluv_m,1,665,0,665,100.0000,0
2001,poteMine_oro_distnc_roca_m,1,665,0,665,100.0000,0
2001,precMine_oro_prmdio_oro_USoz,1,665,665,0,0.0000,0
2001,prodAgr_total_ACosch_totl_ha,1,665,0,665,100.0000,0
2001,prodAgr_total_ASembr_totl_ha,1,665,0,665,100.0000,0
2001,prodAgr_total_Produc_totl_ton,1,665,0,665,100.0000,0
2001,tituMine_oro_AreaSo_tGrn_m2Fx,1,665,665,0,0.0000,665
2001,tituMine_oro_AreaSo_tOtr_m2Fx,1,665,665,0,0.0000,659
2001,tituMine_oro_AreaTi_tGrn_m2Fx,1,665,665,0,0.0000,665
2001,tituMine_oro_AreaTi_tOtr_m2Fx,1,665,665,0,0.0000,661
2002,mineIleg_oro_nwPrp_SR21_pct,1,665,0,665,100.0000,0
2002,mineLegl_oro_pRegls_prod_gr,1,665,0,665,100.0000,0
2002,poteMine_oro_distnc_aluv_m,1,665,0,665,100.0000,0
2002,poteMine_oro_distnc_roca_m,1,665,0,665,100.0000,0
2002,precMine_oro_prmdio_oro_USoz,1,665,665,0,0.0000,0
2002,prodAgr_total_ACosch_totl_ha,1,665,0,665,100.0000,0
2002,prodAgr_total_ASembr_totl_ha,1,665,0,665,100.0000,0
2002,prodAgr_total_Produc_totl_ton,1,665,0,665,100.0000,0
2002,tituMine_oro_AreaSo_tGrn_m2Fx,1,665,665,0,0.0000,665
2002,tituMine_oro_AreaSo_tOtr_m2Fx,1,665,665,0,0.0000,641
2002,tituMine_oro_AreaTi_tGrn_m2Fx,1,665,665,0,0.0000,665
2002,tituMine_oro_AreaTi_tOtr_m2Fx,1,665,665,0,0.0000,642
2003,mineIleg_oro_nwPrp_SR21_pct,1,665,0,665,100.0000,0
2003,mineLegl_oro_pRegls_prod_gr,1,665,0,665,100.0000,0
2003,poteMine_oro_distnc_aluv_m,1,665,0,665,100.0000,0
2003,poteMine_oro_distnc_roca_m,1,665,0,665,100.0000,0
2003,precMine_oro_prmdio_oro_USoz,1,665,665,0,0.0000,0
2003,prodAgr_total_ACosch_totl_ha,1,665,0,665,100.0000,0
2003,prodAgr_total_ASembr_totl_ha,1,665,0,665,100.0000,0
2003,prodAgr_total_Produc_totl_ton,1,665,0,665,100.0000,0
2003,tituMine_oro_AreaSo_tGrn_m2Fx,1,665,665,0,0.0000,665
2003,tituMine_oro_AreaSo_tOtr_m2Fx,1,665,665,0,0.0000,650
2003,tituMine_oro_AreaTi_tGrn_m2Fx,1,665,665,0,0.0000,665
2003,tituMine_oro_AreaTi_tOtr_m2Fx,1,665,665,0,0.0000,657
2004,mineIleg_oro_nwPrp_SR21_pct,1,1102,1092,10,0.9074,1092
2004,mineLegl_oro_pRegls_prod_gr,1,1102,0,1102,100.0000,0
2004,poteMine_oro_distnc_aluv_m,1,1102,1092,10,0.9074,134
2004,poteMine_oro_distnc_roca_m,1,1102,1092,10,0.9074,363
2004,precMine_oro_prmdio_oro_USoz,1,1102,1102,0,0.0000,0
2004,prodAgr_total_ACosch_totl_ha,1,1102,0,1102,100.0000,0
2004,prodAgr_total_ASembr_totl_ha,1,1102,0,1102,100.0000,0
2004,prodAgr_total_Produc_totl_ton,1,1102,0,1102,100.0000,0
2004,tituMine_oro_AreaSo_tGrn_m2Fx,1,1102,665,437,39.6552,665
2004,tituMine_oro_AreaSo_tOtr_m2Fx,1,1102,665,437,39.6552,649
2004,tituMine_oro_AreaTi_tGrn_m2Fx,1,1102,665,437,39.6552,665
2004,tituMine_oro_AreaTi_tOtr_m2Fx,1,1102,665,437,39.6552,660
2005,mineIleg_oro_nwPrp_SR21_pct,1,1102,1092,10,0.9074,692
2005,mineLegl_oro_pRegls_prod_gr,1,1102,0,1102,100.0000,0
2005,poteMine_oro_distnc_aluv_m,1,1102,1092,10,0.9074,134
2005,poteMine_oro_distnc_roca_m,1,1102,1092,10,0.9074,363
2005,precMine_oro_prmdio_oro_USoz,1,1102,1102,0,0.0000,0
2005,prodAgr_total_ACosch_totl_ha,1,1102,0,1102,100.0000,0
2005,prodAgr_total_ASembr_totl_ha,1,1102,0,1102,100.0000,0
2005,prodAgr_total_Produc_totl_ton,1,1102,0,1102,100.0000,0
2005,tituMine_oro_AreaSo_tGrn_m2Fx,1,1102,665,437,39.6552,665
2005,tituMine_oro_AreaSo_tOtr_m2Fx,1,1102,665,437,39.6552,650
2005,tituMine_oro_AreaTi_tGrn_m2Fx,1,1102,665,437,39.6552,665
2005,tituMine_oro_AreaTi_tOtr_m2Fx,1,1102,665,437,39.6552,651
2006,mineIleg_oro_nwPrp_SR21_pct,1,1112,1092,20,1.7986,696
2006,mineLegl_oro_pRegls_prod_gr,1,1112,0,1112,100.0000,0
2006,poteMine_oro_distnc_aluv_m,1,1112,1092,20,1.7986,134
2006,poteMine_oro_distnc_roca_m,1,1112,1092,20,1.7986,363
2006,precMine_oro_prmdio_oro_USoz,1,1112,1102,10,0.8993,0
2006,prodAgr_total_ACosch_totl_ha,1,1112,1050,62,5.5755,0
2006,prodAgr_total_ASembr_totl_ha,1,1112,1050,62,5.5755,0
2006,prodAgr_total_Produc_totl_ton,1,1112,1050,62,5.5755,0
2006,tituMine_oro_AreaSo_tGrn_m2Fx,1,1112,665,447,40.1978,662
2006,tituMine_oro_AreaSo_tOtr_m2Fx,1,1112,665,447,40.1978,639
2006,tituMine_oro_AreaTi_tGrn_m2Fx,1,1112,665,447,40.1978,665
2006,tituMine_oro_AreaTi_tOtr_m2Fx,1,1112,665,447,40.1978,643
2007,mineIleg_oro_nwPrp_SR21_pct,1,1116,1092,24,2.1505,675
2007,mineLegl_oro_pRegls_prod_gr,1,1116,0,1116,100.0000,0
2007,poteMine_oro_distnc_aluv_m,1,1116,1092,24,2.1505,134
2007,poteMine_oro_distnc_roca_m,1,1116,1092,24,2.1505,363
2007,precMine_oro_prmdio_oro_USoz,1,1116,1102,14,1.2545,0
2007,prodAgr_total_ACosch_totl_ha,1,1116,1096,20,1.7921,0
2007,prodAgr_total_ASembr_totl_ha,1,1116,1096,20,1.7921,0
2007,prodAgr_total_Produc_totl_ton,1,1116,1096,20,1.7921,0
2007,tituMine_oro_AreaSo_tGrn_m2Fx,1,1116,665,451,40.4122,659
2007,tituMine_oro_AreaSo_tOtr_m2Fx,1,1116,665,451,40.4122,640
2007,tituMine_oro_AreaTi_tGrn_m2Fx,1,1116,665,451,40.4122,660
2007,tituMine_oro_AreaTi_tOtr_m2Fx,1,1116,665,451,40.4122,643
2008,mineIleg_oro_nwPrp_SR21_pct,1,1116,1092,24,2.1505,670
2008,mineLegl_oro_pRegls_prod_gr,1,1116,0,1116,100.0000,0
2008,poteMine_oro_distnc_aluv_m,1,1116,1092,24,2.1505,134
2008,poteMine_oro_distnc_roca_m,1,1116,1092,24,2.1505,363
2008,precMine_oro_prmdio_oro_USoz,1,1116,1102,14,1.2545,0
2008,prodAgr_total_ACosch_totl_ha,1,1116,1090,26,2.3297,0
2008,prodAgr_total_ASembr_totl_ha,1,1116,1090,26,2.3297,0
2008,prodAgr_total_Produc_totl_ton,1,1116,1090,26,2.3297,0
2008,tituMine_oro_AreaSo_tGrn_m2Fx,1,1116,665,451,40.4122,665
2008,tituMine_oro_AreaSo_tOtr_m2Fx,1,1116,665,451,40.4122,645
2008,tituMine_oro_AreaTi_tGrn_m2Fx,1,1116,665,451,40.4122,665
2008,tituMine_oro_AreaTi_tOtr_m2Fx,1,1116,665,451,40.4122,647
2009,mineIleg_oro_nwPrp_SR21_pct,1,1116,1092,24,2.1505,635
2009,mineLegl_oro_pRegls_prod_gr,1,1116,0,1116,100.0000,0
2009,poteMine_oro_distnc_aluv_m,1,1116,1092,24,2.1505,134
2009,poteMine_oro_distnc_roca_m,1,1116,1092,24,2.1505,363
2009,precMine_oro_prmdio_oro_USoz,1,1116,1102,14,1.2545,0
2009,prodAgr_total_ACosch_totl_ha,1,1116,1092,24,2.1505,0
2009,prodAgr_total_ASembr_totl_ha,1,1116,1092,24,2.1505,0
2009,prodAgr_total_Produc_totl_ton,1,1116,1092,24,2.1505,0
2009,tituMine_oro_AreaSo_tGrn_m2Fx,1,1116,665,451,40.4122,665
2009,tituMine_oro_AreaSo_tOtr_m2Fx,1,1116,665,451,40.4122,654
2009,tituMine_oro_AreaTi_tGrn_m2Fx,1,1116,665,451,40.4122,665
2009,tituMine_oro_AreaTi_tOtr_m2Fx,1,1116,665,451,40.4122,652
2010,mineIleg_oro_nwPrp_SR21_pct,1,1116,1092,24,2.1505,664
2010,mineLegl_oro_pRegls_prod_gr,1,1116,0,1116,100.0000,0
2010,poteMine_oro_distnc_aluv_m,1,1116,1092,24,2.1505,134
2010,poteMine_oro_distnc_roca_m,1,1116,1092,24,2.1505,363
2010,precMine_oro_prmdio_oro_USoz,1,1116,1102,14,1.2545,0
2010,prodAgr_total_ACosch_totl_ha,1,1116,1093,23,2.0609,0
2010,prodAgr_total_ASembr_totl_ha,1,1116,1093,23,2.0609,0
2010,prodAgr_total_Produc_totl_ton,1,1116,1093,23,2.0609,0
2010,tituMine_oro_AreaSo_tGrn_m2Fx,1,1116,665,451,40.4122,665
2010,tituMine_oro_AreaSo_tOtr_m2Fx,1,1116,665,451,40.4122,664
2010,tituMine_oro_AreaTi_tGrn_m2Fx,1,1116,665,451,40.4122,665
2010,tituMine_oro_AreaTi_tOtr_m2Fx,1,1116,665,451,40.4122,656
2011,mineIleg_oro_nwPrp_SR21_pct,1,1116,1092,24,2.1505,606
2011,mineLegl_oro_pRegls_prod_gr,1,1116,0,1116,100.0000,0
2011,poteMine_oro_distnc_aluv_m,1,1116,1092,24,2.1505,134
2011,poteMine_oro_distnc_roca_m,1,1116,1092,24,2.1505,363
2011,precMine_oro_prmdio_oro_USoz,1,1116,1102,14,1.2545,0
2011,prodAgr_total_ACosch_totl_ha,1,1116,1093,23,2.0609,2
2011,prodAgr_total_ASembr_totl_ha,1,1116,1093,23,2.0609,0
2011,prodAgr_total_Produc_totl_ton,1,1116,1093,23,2.0609,2
2011,tituMine_oro_AreaSo_tGrn_m2Fx,1,1116,665,451,40.4122,665
2011,tituMine_oro_AreaSo_tOtr_m2Fx,1,1116,665,451,40.4122,665
2011,tituMine_oro_AreaTi_tGrn_m2Fx,1,1116,665,451,40.4122,665
2011,tituMine_oro_AreaTi_tOtr_m2Fx,1,1116,665,451,40.4122,656
2012,mineIleg_oro_nwPrp_SR21_pct,1,1117,1092,25,2.2381,551
2012,mineLegl_oro_pRegls_prod_gr,1,1117,181,936,83.7959,0
2012,poteMine_oro_distnc_aluv_m,1,1117,1105,12,1.0743,138
2012,poteMine_oro_distnc_roca_m,1,1117,1105,12,1.0743,369
2012,precMine_oro_prmdio_oro_USoz,1,1117,1105,12,1.0743,0
2012,prodAgr_total_ACosch_totl_ha,1,1117,1094,23,2.0591,0
2012,prodAgr_total_ASembr_totl_ha,1,1117,1094,23,2.0591,0
2012,prodAgr_total_Produc_totl_ton,1,1117,1094,23,2.0591,0
2012,tituMine_oro_AreaSo_tGrn_m2Fx,1,1117,665,452,40.4655,665
2012,tituMine_oro_AreaSo_tOtr_m2Fx,1,1117,665,452,40.4655,660
2012,tituMine_oro_AreaTi_tGrn_m2Fx,1,1117,665,452,40.4655,663
2012,tituMine_oro_AreaTi_tOtr_m2Fx,1,1117,665,452,40.4655,656
2013,mineIleg_oro_nwPrp_SR21_pct,1,1118,1092,26,2.3256,504
2013,mineLegl_oro_pRegls_prod_gr,1,1118,175,943,84.3470,0
2013,poteMine_oro_distnc_aluv_m,1,1118,1107,11,0.9839,138
2013,poteMine_oro_distnc_roca_m,1,1118,1107,11,0.9839,370
2013,precMine_oro_prmdio_oro_USoz,1,1118,1107,11,0.9839,0
2013,prodAgr_total_ACosch_totl_ha,1,1118,1096,22,1.9678,0
2013,prodAgr_total_ASembr_totl_ha,1,1118,1096,22,1.9678,0
2013,prodAgr_total_Produc_totl_ton,1,1118,1096,22,1.9678,0
2013,tituMine_oro_AreaSo_tGrn_m2Fx,1,1118,665,453,40.5188,665
2013,tituMine_oro_AreaSo_tOtr_m2Fx,1,1118,665,453,40.5188,659
2013,tituMine_oro_AreaTi_tGrn_m2Fx,1,1118,665,453,40.5188,665
2013,tituMine_oro_AreaTi_tOtr_m2Fx,1,1118,665,453,40.5188,655
2014,mineIleg_oro_nwPrp_SR21_pct,1,1119,1092,27,2.4129,382
2014,mineLegl_oro_pRegls_prod_gr,1,1119,153,966,86.3271,0
2014,poteMine_oro_distnc_aluv_m,1,1119,1102,17,1.5192,135
2014,poteMine_oro_distnc_roca_m,1,1119,1102,17,1.5192,367
2014,precMine_oro_prmdio_oro_USoz,1,1119,1105,14,1.2511,0
2014,prodAgr_total_ACosch_totl_ha,1,1119,1098,21,1.8767,0
2014,prodAgr_total_ASembr_totl_ha,1,1119,1098,21,1.8767,0
2014,prodAgr_total_Produc_totl_ton,1,1119,1098,21,1.8767,0
2014,tituMine_oro_AreaSo_tGrn_m2Fx,1,1119,665,454,40.5719,665
2014,tituMine_oro_AreaSo_tOtr_m2Fx,1,1119,665,454,40.5719,665
2014,tituMine_oro_AreaTi_tGrn_m2Fx,1,1119,665,454,40.5719,665
2014,tituMine_oro_AreaTi_tOtr_m2Fx,1,1119,665,454,40.5719,663
2015,mineIleg_oro_nwPrp_SR21_pct,1,1103,0,1103,100.0000,0
2015,mineLegl_oro_pRegls_prod_gr,1,1103,168,935,84.7688,0
2015,poteMine_oro_distnc_aluv_m,1,1103,669,434,39.3472,93
2015,poteMine_oro_distnc_roca_m,1,1103,669,434,39.3472,248
2015,precMine_oro_prmdio_oro_USoz,1,1103,782,321,29.1024,0
2015,prodAgr_total_ACosch_totl_ha,1,1103,1097,6,0.5440,0
2015,prodAgr_total_ASembr_totl_ha,1,1103,1097,6,0.5440,0
2015,prodAgr_total_Produc_totl_ton,1,1103,1097,6,0.5440,0
2015,tituMine_oro_AreaSo_tGrn_m2Fx,1,1103,665,438,39.7099,665
2015,tituMine_oro_AreaSo_tOtr_m2Fx,1,1103,665,438,39.7099,664
2015,tituMine_oro_AreaTi_tGrn_m2Fx,1,1103,665,438,39.7099,663
2015,tituMine_oro_AreaTi_tOtr_m2Fx,1,1103,665,438,39.7099,662
2016,mineIleg_oro_nwPrp_SR21_pct,1,1105,0,1105,100.0000,0
2016,mineLegl_oro_pRegls_prod_gr,1,1105,156,949,85.8824,0
2016,poteMine_oro_distnc_aluv_m,1,1105,637,468,42.3529,92
2016,poteMine_oro_distnc_roca_m,1,1105,637,468,42.3529,240
2016,precMine_oro_prmdio_oro_USoz,1,1105,753,352,31.8552,0
2016,prodAgr_total_ACosch_totl_ha,1,1105,1100,5,0.4525,0
2016,prodAgr_total_ASembr_totl_ha,1,1105,1100,5,0.4525,0
2016,prodAgr_total_Produc_totl_ton,1,1105,1100,5,0.4525,0
2016,tituMine_oro_AreaSo_tGrn_m2Fx,1,1105,665,440,39.8190,665
2016,tituMine_oro_AreaSo_tOtr_m2Fx,1,1105,665,440,39.8190,662
2016,tituMine_oro_AreaTi_tGrn_m2Fx,1,1105,665,440,39.8190,665
2016,tituMine_oro_AreaTi_tOtr_m2Fx,1,1105,665,440,39.8190,662
2017,mineIleg_oro_nwPrp_SR21_pct,1,1106,0,1106,100.0000,0
2017,mineLegl_oro_pRegls_prod_gr,1,1106,139,967,87.4322,0
2017,poteMine_oro_distnc_aluv_m,1,1106,612,494,44.6655,88
2017,poteMine_oro_distnc_roca_m,1,1106,612,494,44.6655,226
2017,precMine_oro_prmdio_oro_USoz,1,1106,737,369,33.3635,0
2017,prodAgr_total_ACosch_totl_ha,1,1106,1101,5,0.4521,0
2017,prodAgr_total_ASembr_totl_ha,1,1106,1101,5,0.4521,0
2017,prodAgr_total_Produc_totl_ton,1,1106,1101,5,0.4521,0
2017,tituMine_oro_AreaSo_tGrn_m2Fx,1,1106,665,441,39.8734,665
2017,tituMine_oro_AreaSo_tOtr_m2Fx,1,1106,665,441,39.8734,659
2017,tituMine_oro_AreaTi_tGrn_m2Fx,1,1106,665,441,39.8734,665
2017,tituMine_oro_AreaTi_tOtr_m2Fx,1,1106,665,441,39.8734,664
2018,mineIleg_oro_nwPrp_SR21_pct,1,1110,0,1110,100.0000,0
2018,mineLegl_oro_pRegls_prod_gr,1,1110,105,1005,90.5405,0
2018,poteMine_oro_distnc_aluv_m,1,1110,604,506,45.5856,87
2018,poteMine_oro_distnc_roca_m,1,1110,604,506,45.5856,223
2018,precMine_oro_prmdio_oro_USoz,1,1110,728,382,34.4144,0
2018,prodAgr_total_ACosch_totl_ha,1,1110,1105,5,0.4505,0
2018,prodAgr_total_ASembr_totl_ha,1,1110,1105,5,0.4505,0
2018,prodAgr_total_Produc_totl_ton,1,1110,1105,5,0.4505,0
2018,tituMine_oro_AreaSo_tGrn_m2Fx,1,1110,665,445,40.0901,665
2018,tituMine_oro_AreaSo_tOtr_m2Fx,1,1110,665,445,40.0901,662
2018,tituMine_oro_AreaTi_tGrn_m2Fx,1,1110,665,445,40.0901,665
2018,tituMine_oro_AreaTi_tOtr_m2Fx,1,1110,665,445,40.0901,661
2019,mineIleg_oro_nwPrp_SR21_pct,1,1102,0,1102,100.0000,0
2019,mineLegl_oro_pRegls_prod_gr,1,1102,128,974,88.3848,0
2019,poteMine_oro_distnc_aluv_m,1,1102,612,490,44.4646,86
2019,poteMine_oro_distnc_roca_m,1,1102,612,490,44.4646,224
2019,precMine_oro_prmdio_oro_USoz,1,1102,731,371,33.6661,0
2019,prodAgr_total_ACosch_totl_ha,1,1102,1098,4,0.3630,1
2019,prodAgr_total_ASembr_totl_ha,1,1102,1098,4,0.3630,0
2019,prodAgr_total_Produc_totl_ton,1,1102,1098,4,0.3630,1
2019,tituMine_oro_AreaSo_tGrn_m2Fx,1,1102,665,437,39.6552,665
2019,tituMine_oro_AreaSo_tOtr_m2Fx,1,1102,665,437,39.6552,662
2019,tituMine_oro_AreaTi_tGrn_m2Fx,1,1102,665,437,39.6552,665
2019,tituMine_oro_AreaTi_tOtr_m2Fx,1,1102,665,437,39.6552,655
2020,mineIleg_oro_nwPrp_SR21_pct,1,1103,0,1103,100.0000,0
2020,mineLegl_oro_pRegls_prod_gr,1,1103,131,972,88.1233,0
2020,poteMine_oro_distnc_aluv_m,1,1103,583,520,47.1442,86
2020,poteMine_oro_distnc_roca_m,1,1103,583,520,47.1442,218
2020,precMine_oro_prmdio_oro_USoz,1,1103,724,379,34.3608,0
2020,prodAgr_total_ACosch_totl_ha,1,1103,1097,6,0.5440,1
2020,prodAgr_total_ASembr_totl_ha,1,1103,1097,6,0.5440,0
2020,prodAgr_total_Produc_totl_ton,1,1103,1097,6,0.5440,1
2020,tituMine_oro_AreaSo_tGrn_m2Fx,1,1103,665,438,39.7099,665
2020,tituMine_oro_AreaSo_tOtr_m2Fx,1,1103,665,438,39.7099,663
2020,tituMine_oro_AreaTi_tGrn_m2Fx,1,1103,665,438,39.7099,665
2020,tituMine_oro_AreaTi_tOtr_m2Fx,1,1103,665,438,39.7099,665
2021,mineIleg_oro_nwPrp_SR21_pct,1,1102,0,1102,100.0000,0
2021,mineLegl_oro_pRegls_prod_gr,1,1102,144,958,86.9328,0
2021,poteMine_oro_distnc_aluv_m,1,1102,594,508,46.0980,86
2021,poteMine_oro_distnc_roca_m,1,1102,594,508,46.0980,226
2021,precMine_oro_prmdio_oro_USoz,1,1102,734,368,33.3938,0
2021,prodAgr_total_ACosch_totl_ha,1,1102,1097,5,0.4537,0
2021,prodAgr_total_ASembr_totl_ha,1,1102,1097,5,0.4537,0
2021,prodAgr_total_Produc_totl_ton,1,1102,1097,5,0.4537,0
2021,tituMine_oro_AreaSo_tGrn_m2Fx,1,1102,665,437,39.6552,665
2021,tituMine_oro_AreaSo_tOtr_m2Fx,1,1102,665,437,39.6552,664
2021,tituMine_oro_AreaTi_tGrn_m2Fx,1,1102,665,437,39.6552,665
2021,tituMine_oro_AreaTi_tOtr_m2Fx,1,1102,665,437,39.6552,659
2022,mineIleg_oro_nwPrp_SR21_pct,1,1102,0,1102,100.0000,0
2022,mineLegl_oro_pRegls_prod_gr,1,1102,137,965,87.5681,0
2022,poteMine_oro_distnc_aluv_m,1,1102,593,509,46.1887,85
2022,poteMine_oro_distnc_roca_m,1,1102,593,509,46.1887,223
2022,precMine_oro_prmdio_oro_USoz,1,1102,729,373,33.8475,0
2022,prodAgr_total_ACosch_totl_ha,1,1102,1098,4,0.3630,1
2022,prodAgr_total_ASembr_totl_ha,1,1102,1098,4,0.3630,0
2022,prodAgr_total_Produc_totl_ton,1,1102,1098,4,0.3630,1
2022,tituMine_oro_AreaSo_tGrn_m2Fx,1,1102,665,437,39.6552,665
2022,tituMine_oro_AreaSo_tOtr_m2Fx,1,1102,665,437,39.6552,665
2022,tituMine_oro_AreaTi_tGrn_m2Fx,1,1102,665,437,39.6552,665
2022,tituMine_oro_AreaTi_tOtr_m2Fx,1,1102,665,437,39.6552,651
2023,mineIleg_oro_nwPrp_SR21_pct,1,1102,0,1102,100.0000,0
2023,mineLegl_oro_pRegls_prod_gr,1,1102,141,961,87.2051,0
2023,poteMine_oro_distnc_aluv_m,1,1102,577,525,47.6407,87
2023,poteMine_oro_distnc_roca_m,1,1102,577,525,47.6407,222
2023,precMine_oro_prmdio_oro_USoz,1,1102,577,525,47.6407,0
2023,prodAgr_total_ACosch_totl_ha,1,1102,1098,4,0.3630,1
2023,prodAgr_total_ASembr_totl_ha,1,1102,1098,4,0.3630,0
2023,prodAgr_total_Produc_totl_ton,1,1102,1098,4,0.3630,1
2023,tituMine_oro_AreaSo_tGrn_m2Fx,1,1102,0,1102,100.0000,0
2023,tituMine_oro_AreaSo_tOtr_m2Fx,1,1102,0,1102,100.0000,0
2023,tituMine_oro_AreaTi_tGrn_m2Fx,1,1102,0,1102,100.0000,0
2023,tituMine_oro_AreaTi_tOtr_m2Fx,1,1102,0,1102,100.0000,0
2024,mineIleg_oro_nwPrp_SR21_pct,1,1103,0,1103,100.0000,0
2024,mineLegl_oro_pRegls_prod_gr,1,1103,122,981,88.9393,0
2024,poteMine_oro_distnc_aluv_m,1,1103,496,607,55.0317,79
2024,poteMine_oro_distnc_roca_m,1,1103,496,607,55.0317,199
2024,precMine_oro_prmdio_oro_USoz,1,1103,496,607,55.0317,0
2024,prodAgr_total_ACosch_totl_ha,1,1103,1100,3,0.2720,0
2024,prodAgr_total_ASembr_totl_ha,1,1103,1100,3,0.2720,0
2024,prodAgr_total_Produc_totl_ton,1,1103,1100,3,0.2720,0
2024,tituMine_oro_AreaSo_tGrn_m2Fx,1,1103,0,1103,100.0000,0
2024,tituMine_oro_AreaSo_tOtr_m2Fx,1,1103,0,1103,100.0000,0
2024,tituMine_oro_AreaTi_tGrn_m2Fx,1,1103,0,1103,100.0000,0
2024,tituMine_oro_AreaTi_tOtr_m2Fx,1,1103,0,1103,100.0000,0
2025,mineIleg_oro_nwPrp_SR21_pct,1,467,0,467,100.0000,0
2025,mineLegl_oro_pRegls_prod_gr,1,467,108,359,76.8737,0
2025,poteMine_oro_distnc_aluv_m,1,467,467,0,0.0000,74
2025,poteMine_oro_distnc_roca_m,1,467,467,0,0.0000,182
2025,precMine_oro_prmdio_oro_USoz,1,467,467,0,0.0000,0
2025,prodAgr_total_ACosch_totl_ha,1,467,0,467,100.0000,0
2025,prodAgr_total_ASembr_totl_ha,1,467,0,467,100.0000,0
2025,prodAgr_total_Produc_totl_ton,1,467,0,467,100.0000,0
2025,tituMine_oro_AreaSo_tGrn_m2Fx,1,467,0,467,100.0000,0
2025,tituMine_oro_AreaSo_tOtr_m2Fx,1,467,0,467,100.0000,0
2025,tituMine_oro_AreaTi_tGrn_m2Fx,1,467,0,467,100.0000,0
2025,tituMine_oro_AreaTi_tOtr_m2Fx,1,467,0,467,100.0000,0
2026,mineIleg_oro_nwPrp_SR21_pct,1,117,0,117,100.0000,0
2026,mineLegl_oro_pRegls_prod_gr,1,117,78,39,33.3333,0
2026,poteMine_oro_distnc_aluv_m,1,117,117,0,0.0000,44
2026,poteMine_oro_distnc_roca_m,1,117,117,0,0.0000,82
2026,precMine_oro_prmdio_oro_USoz,1,117,117,0,0.0000,0
2026,prodAgr_total_ACosch_totl_ha,1,117,0,117,100.0000,0
2026,prodAgr_total_ASembr_totl_ha,1,117,0,117,100.0000,0
2026,prodAgr_total_Produc_totl_ton,1,117,0,117,100.0000,0
2026,tituMine_oro_AreaSo_tGrn_m2Fx,1,117,0,117,100.0000,0
2026,tituMine_oro_AreaSo_tOtr_m2Fx,1,117,0,117,100.0000,0
2026,tituMine_oro_AreaTi_tGrn_m2Fx,1,117,0,117,100.0000,0
2026,tituMine_oro_AreaTi_tOtr_m2Fx,1,117,0,117,100.0000,0
